component_id,lot_id,component_type,parameter_type,Value_0h,Value_24h,Value_96h,Value_168h,datasheet_limit,ground_truth_anomaly,anomaly_type
LOT_01-C001,LOT_01,ASIC-R7,leakage_current_uA,8.5342,8.5191,8.4793,9.374,50.0,False,normal
LOT_01-C002,LOT_01,ASIC-R7,leakage_current_uA,9.0063,9.0316,9.9265,10.0338,50.0,False,normal
LOT_01-C003,LOT_01,ASIC-R7,leakage_current_uA,8.9896,8.9745,9.1691,9.6689,50.0,False,normal
LOT_01-C004,LOT_01,ASIC-R7,leakage_current_uA,28.1763,28.7807,25.4003,27.4013,50.0,True,lot_relative_outlier
LOT_01-C005,LOT_01,ASIC-R7,leakage_current_uA,7.6676,8.529,7.5075,8.4762,50.0,False,normal
LOT_01-C006,LOT_01,ASIC-R7,leakage_current_uA,6.5802,6.7787,6.9271,7.0596,50.0,False,normal
LOT_01-C007,LOT_01,ASIC-R7,leakage_current_uA,8.3327,7.8596,7.4147,7.5563,50.0,False,normal
LOT_01-C008,LOT_01,ASIC-R7,leakage_current_uA,7.3849,7.6452,7.2074,7.524,50.0,False,normal
LOT_01-C009,LOT_01,ASIC-R7,leakage_current_uA,9.1985,8.6246,8.8684,8.941,50.0,False,normal
LOT_01-C010,LOT_01,ASIC-R7,leakage_current_uA,6.8326,7.06,7.3323,7.3917,50.0,False,normal
LOT_01-C011,LOT_01,ASIC-R7,leakage_current_uA,8.7666,8.9792,8.1824,8.3882,50.0,False,normal
LOT_01-C012,LOT_01,ASIC-R7,leakage_current_uA,7.0622,6.56,6.8971,7.7371,50.0,False,normal
LOT_01-C013,LOT_01,ASIC-R7,leakage_current_uA,38.7874,37.1772,39.0721,42.3765,50.0,True,lot_relative_outlier
LOT_01-C014,LOT_01,ASIC-R7,leakage_current_uA,28.9984,27.5898,30.7653,30.0679,50.0,True,lot_relative_outlier
LOT_01-C015,LOT_01,ASIC-R7,leakage_current_uA,9.359,8.4512,8.149,8.8846,50.0,False,normal
LOT_01-C016,LOT_01,ASIC-R7,leakage_current_uA,8.9522,8.7386,9.4059,8.1149,50.0,False,normal
LOT_01-C017,LOT_01,ASIC-R7,leakage_current_uA,7.4394,7.0278,8.0863,7.8128,50.0,False,normal
LOT_01-C018,LOT_01,ASIC-R7,leakage_current_uA,6.8672,7.1043,7.6541,8.1137,50.0,False,normal
LOT_01-C019,LOT_01,ASIC-R7,leakage_current_uA,7.6134,8.9054,8.4354,8.7477,50.0,False,normal
LOT_01-C020,LOT_01,ASIC-R7,leakage_current_uA,8.1358,7.7289,7.6135,7.237,50.0,False,normal
LOT_01-C021,LOT_01,ASIC-R7,leakage_current_uA,6.5042,7.2494,6.6927,7.1241,50.0,False,normal
LOT_01-C022,LOT_01,ASIC-R7,leakage_current_uA,7.3161,7.445,8.8383,7.5022,50.0,False,normal
LOT_01-C023,LOT_01,ASIC-R7,leakage_current_uA,9.6908,9.4153,9.1905,9.3298,50.0,False,normal
LOT_01-C024,LOT_01,ASIC-R7,leakage_current_uA,7.3942,7.0567,7.0747,7.7874,50.0,False,normal
LOT_01-C025,LOT_01,ASIC-R7,leakage_current_uA,9.8886,10.1857,10.9751,10.4773,50.0,False,normal
LOT_01-C026,LOT_01,ASIC-R7,leakage_current_uA,8.0613,8.609,8.0406,7.4343,50.0,False,normal
LOT_01-C027,LOT_01,ASIC-R7,leakage_current_uA,7.5571,6.7871,6.7392,7.5426,50.0,False,normal
LOT_01-C028,LOT_01,ASIC-R7,leakage_current_uA,7.3994,6.9744,7.1988,7.1873,50.0,False,normal
LOT_01-C029,LOT_01,ASIC-R7,leakage_current_uA,8.6961,9.0039,7.655,8.7628,50.0,False,normal
LOT_01-C030,LOT_01,ASIC-R7,leakage_current_uA,7.0128,7.2833,7.9342,7.0039,50.0,False,normal
LOT_01-C031,LOT_01,ASIC-R7,leakage_current_uA,8.5691,8.0978,8.22,8.9369,50.0,False,normal
LOT_01-C032,LOT_01,ASIC-R7,leakage_current_uA,8.7786,8.5399,8.9441,9.3538,50.0,False,normal
LOT_01-C033,LOT_01,ASIC-R7,leakage_current_uA,8.5252,8.61,9.8266,9.5468,50.0,False,normal
LOT_01-C034,LOT_01,ASIC-R7,leakage_current_uA,6.7432,7.1663,7.6847,8.2079,50.0,False,normal
LOT_01-C035,LOT_01,ASIC-R7,leakage_current_uA,6.554,7.4873,7.1853,7.5405,50.0,False,normal
DEMO-CASE-A,LOT_02,ASIC-R7,iddq_current_uA,68.0,69.36,71.4,72.76,80.0,True,lot_relative_outlier
DEMO-CASE-B,LOT_02,ASIC-R7,iddq_current_uA,17.9017,19.6919,23.6303,30.433,80.0,True,latent_drifter
DEMO-CASE-C,LOT_02,ASIC-R7,iddq_current_uA,17.9017,18.0808,18.2598,18.4388,80.0,False,normal
LOT_02-C004,LOT_02,ASIC-R7,iddq_current_uA,15.4755,18.8786,18.5993,16.8998,80.0,False,normal
LOT_02-C005,LOT_02,ASIC-R7,iddq_current_uA,67.7841,69.0453,69.3533,72.4131,80.0,True,lot_relative_outlier
LOT_02-C006,LOT_02,ASIC-R7,iddq_current_uA,19.5501,20.1941,20.5693,19.8258,80.0,False,normal
LOT_02-C007,LOT_02,ASIC-R7,iddq_current_uA,52.9624,63.084,58.5703,60.1516,80.0,True,lot_relative_outlier
LOT_02-C008,LOT_02,ASIC-R7,iddq_current_uA,16.5591,15.8384,17.197,16.7307,80.0,False,normal
LOT_02-C009,LOT_02,ASIC-R7,iddq_current_uA,18.5086,19.0977,17.9549,18.7063,80.0,False,normal
LOT_02-C010,LOT_02,ASIC-R7,iddq_current_uA,14.5334,16.7864,15.9241,17.7058,80.0,False,normal
LOT_02-C011,LOT_02,ASIC-R7,iddq_current_uA,19.4857,16.5748,18.7962,17.5745,80.0,False,normal
LOT_02-C012,LOT_02,ASIC-R7,iddq_current_uA,15.9796,17.6034,24.9223,52.9541,80.0,True,latent_drifter
LOT_02-C013,LOT_02,ASIC-R7,iddq_current_uA,18.4752,14.9361,18.3808,18.2971,80.0,False,normal
LOT_02-C014,LOT_02,ASIC-R7,iddq_current_uA,15.3232,17.2299,18.9164,16.3242,80.0,False,normal
LOT_02-C015,LOT_02,ASIC-R7,iddq_current_uA,21.0665,19.1763,21.3873,22.0275,80.0,False,normal
LOT_02-C016,LOT_02,ASIC-R7,iddq_current_uA,17.9052,16.5909,17.7293,17.9765,80.0,False,normal
LOT_02-C017,LOT_02,ASIC-R7,iddq_current_uA,16.5302,17.7975,20.1532,17.5982,80.0,False,normal
LOT_02-C018,LOT_02,ASIC-R7,iddq_current_uA,16.53,15.6972,17.3968,17.1162,80.0,False,normal
LOT_02-C019,LOT_02,ASIC-R7,iddq_current_uA,21.7549,18.4708,16.1971,21.0652,80.0,False,normal
LOT_02-C020,LOT_02,ASIC-R7,iddq_current_uA,17.7794,14.478,14.9343,14.5883,80.0,False,normal
LOT_02-C021,LOT_02,ASIC-R7,iddq_current_uA,57.2917,50.9863,48.3807,59.0688,80.0,True,lot_relative_outlier
LOT_02-C022,LOT_02,ASIC-R7,iddq_current_uA,17.0592,16.5032,17.4828,17.1245,80.0,False,normal
LOT_02-C023,LOT_02,ASIC-R7,iddq_current_uA,17.8983,18.4192,19.3479,17.9173,80.0,False,normal
LOT_02-C024,LOT_02,ASIC-R7,iddq_current_uA,17.9606,19.1875,15.6687,16.6244,80.0,False,normal
LOT_02-C025,LOT_02,ASIC-R7,iddq_current_uA,13.6956,15.2124,14.389,15.1158,80.0,False,normal
LOT_02-C026,LOT_02,ASIC-R7,iddq_current_uA,19.0749,21.0934,19.6942,18.7037,80.0,False,normal
LOT_03-C001,LOT_03,FPGA-K3,propagation_delay_ns,2.9014,2.9921,3.0414,3.2311,12.0,False,normal
LOT_03-C002,LOT_03,FPGA-K3,propagation_delay_ns,3.1532,2.9556,3.2105,3.1357,12.0,False,normal
LOT_03-C003,LOT_03,FPGA-K3,propagation_delay_ns,3.3334,3.3631,3.086,3.1288,12.0,False,normal
LOT_03-C004,LOT_03,FPGA-K3,propagation_delay_ns,9.7227,9.9362,9.5112,9.2668,12.0,True,lot_relative_outlier
LOT_03-C005,LOT_03,FPGA-K3,propagation_delay_ns,2.5758,2.6047,2.9231,2.8351,12.0,False,normal
LOT_03-C006,LOT_03,FPGA-K3,propagation_delay_ns,2.8073,2.8359,2.9375,3.0353,12.0,False,normal
LOT_03-C007,LOT_03,FPGA-K3,propagation_delay_ns,2.8232,3.0066,3.435,3.1089,12.0,False,normal
LOT_03-C008,LOT_03,FPGA-K3,propagation_delay_ns,3.4577,3.3689,3.4042,3.3525,12.0,False,normal
LOT_03-C009,LOT_03,FPGA-K3,propagation_delay_ns,3.258,3.3415,3.2779,3.2215,12.0,False,normal
LOT_03-C010,LOT_03,FPGA-K3,propagation_delay_ns,3.3057,2.8746,3.1302,2.884,12.0,False,normal
LOT_03-C011,LOT_03,FPGA-K3,propagation_delay_ns,2.8789,2.6644,2.579,2.3962,12.0,False,normal
LOT_03-C012,LOT_03,FPGA-K3,propagation_delay_ns,3.0162,2.8866,3.0929,2.8355,12.0,False,normal
LOT_03-C013,LOT_03,FPGA-K3,propagation_delay_ns,2.9899,3.1349,3.1068,3.1961,12.0,False,normal
LOT_03-C014,LOT_03,FPGA-K3,propagation_delay_ns,2.8676,3.3258,5.2681,11.5019,12.0,True,latent_drifter
LOT_03-C015,LOT_03,FPGA-K3,propagation_delay_ns,2.9924,3.016,3.2258,2.9515,12.0,False,normal
LOT_03-C016,LOT_03,FPGA-K3,propagation_delay_ns,2.9348,2.66,3.0272,2.9012,12.0,False,normal
LOT_03-C017,LOT_03,FPGA-K3,propagation_delay_ns,3.1714,3.0336,3.21,3.4255,12.0,False,normal
LOT_03-C018,LOT_03,FPGA-K3,propagation_delay_ns,3.0031,3.0715,2.9254,3.2311,12.0,False,normal
LOT_03-C019,LOT_03,FPGA-K3,propagation_delay_ns,3.5675,3.2792,4.6455,8.4767,12.0,True,latent_drifter
LOT_03-C020,LOT_03,FPGA-K3,propagation_delay_ns,2.7244,2.8491,2.9317,2.9151,12.0,False,normal
LOT_03-C021,LOT_03,FPGA-K3,propagation_delay_ns,3.0136,2.8911,2.8431,3.045,12.0,False,normal
LOT_04-C001,LOT_04,FPGA-K3,leakage_current_uA,8.2023,7.6186,7.9186,8.478,50.0,False,normal
LOT_04-C002,LOT_04,FPGA-K3,leakage_current_uA,7.611,6.743,7.9177,7.5429,50.0,False,normal
LOT_04-C003,LOT_04,FPGA-K3,leakage_current_uA,7.8896,8.502,8.711,8.6514,50.0,False,normal
LOT_04-C004,LOT_04,FPGA-K3,leakage_current_uA,6.6101,7.1572,6.4824,7.3088,50.0,False,normal
LOT_04-C005,LOT_04,FPGA-K3,leakage_current_uA,7.7071,7.5333,7.2535,8.3011,50.0,False,normal
LOT_04-C006,LOT_04,FPGA-K3,leakage_current_uA,7.655,7.2622,7.7842,7.3546,50.0,False,normal
LOT_04-C007,LOT_04,FPGA-K3,leakage_current_uA,8.6799,9.2261,10.2746,16.1167,50.0,True,latent_drifter
LOT_04-C008,LOT_04,FPGA-K3,leakage_current_uA,7.4978,7.0954,7.927,7.9608,50.0,False,normal
LOT_04-C009,LOT_04,FPGA-K3,leakage_current_uA,7.9992,7.2321,7.1196,7.3123,50.0,False,normal
LOT_04-C010,LOT_04,FPGA-K3,leakage_current_uA,7.3397,7.1631,8.2161,8.0847,50.0,False,normal
LOT_04-C011,LOT_04,FPGA-K3,leakage_current_uA,9.27,7.8832,8.788,8.6991,50.0,False,normal
LOT_04-C012,LOT_04,FPGA-K3,leakage_current_uA,7.9021,7.2537,6.7308,7.5771,50.0,False,normal
LOT_04-C013,LOT_04,FPGA-K3,leakage_current_uA,24.6811,24.993,29.035,27.8596,50.0,True,lot_relative_outlier
LOT_04-C014,LOT_04,FPGA-K3,leakage_current_uA,6.8138,6.443,6.2742,7.2394,50.0,False,normal
LOT_04-C015,LOT_04,FPGA-K3,leakage_current_uA,8.023,8.0829,8.1974,8.0565,50.0,False,normal
LOT_04-C016,LOT_04,FPGA-K3,leakage_current_uA,7.9905,8.2159,14.8293,32.1122,50.0,True,latent_drifter
LOT_04-C017,LOT_04,FPGA-K3,leakage_current_uA,7.6681,7.4582,8.1404,6.7731,50.0,False,normal
LOT_04-C018,LOT_04,FPGA-K3,leakage_current_uA,6.3549,6.9656,7.0163,7.365,50.0,False,normal
LOT_04-C019,LOT_04,FPGA-K3,leakage_current_uA,7.6364,8.1237,8.7022,7.7407,50.0,False,normal
LOT_04-C020,LOT_04,FPGA-K3,leakage_current_uA,7.2523,7.6557,7.4218,7.8015,50.0,False,normal
LOT_04-C021,LOT_04,FPGA-K3,leakage_current_uA,7.2091,6.7769,6.6484,7.666,50.0,False,normal
LOT_04-C022,LOT_04,FPGA-K3,leakage_current_uA,7.5247,8.123,6.6696,7.1414,50.0,False,normal
LOT_04-C023,LOT_04,FPGA-K3,leakage_current_uA,7.4697,7.701,6.9055,6.9619,50.0,False,normal
LOT_04-C024,LOT_04,FPGA-K3,leakage_current_uA,8.1397,7.8065,8.0733,8.062,50.0,False,normal
LOT_04-C025,LOT_04,FPGA-K3,leakage_current_uA,7.2306,6.9385,8.5362,8.6608,50.0,False,normal
LOT_05-C001,LOT_05,FPGA-K3,iddq_current_uA,12.2236,11.7128,11.1905,13.8554,80.0,False,normal
LOT_05-C002,LOT_05,FPGA-K3,iddq_current_uA,15.0208,15.7352,23.657,52.6466,80.0,True,latent_drifter
LOT_05-C003,LOT_05,FPGA-K3,iddq_current_uA,11.6973,11.7435,13.5317,12.9947,80.0,False,normal
LOT_05-C004,LOT_05,FPGA-K3,iddq_current_uA,11.7034,11.5649,11.0208,11.989,80.0,False,normal
LOT_05-C005,LOT_05,FPGA-K3,iddq_current_uA,10.9289,10.8842,9.3814,10.7575,80.0,False,normal
LOT_05-C006,LOT_05,FPGA-K3,iddq_current_uA,14.0592,13.1834,12.4554,12.3183,80.0,False,normal
LOT_05-C007,LOT_05,FPGA-K3,iddq_current_uA,13.2537,13.1526,12.2601,11.4452,80.0,False,normal
LOT_05-C008,LOT_05,FPGA-K3,iddq_current_uA,11.0222,10.7674,11.5453,11.063,80.0,False,normal
LOT_05-C009,LOT_05,FPGA-K3,iddq_current_uA,10.4234,10.9681,11.1695,10.2477,80.0,False,normal
LOT_05-C010,LOT_05,FPGA-K3,iddq_current_uA,10.0515,9.3405,9.5976,11.1294,80.0,False,normal
LOT_05-C011,LOT_05,FPGA-K3,iddq_current_uA,12.6901,9.5427,12.1972,13.3088,80.0,False,normal
LOT_05-C012,LOT_05,FPGA-K3,iddq_current_uA,9.4626,9.4155,9.9772,11.4132,80.0,False,normal
LOT_05-C013,LOT_05,FPGA-K3,iddq_current_uA,16.2719,14.4119,16.2043,14.3944,80.0,False,normal
LOT_05-C014,LOT_05,FPGA-K3,iddq_current_uA,14.4789,12.5836,11.3802,12.8887,80.0,False,normal
LOT_05-C015,LOT_05,FPGA-K3,iddq_current_uA,11.8245,11.18,11.4904,11.3966,80.0,False,normal
LOT_05-C016,LOT_05,FPGA-K3,iddq_current_uA,10.4994,12.7701,11.5143,11.2629,80.0,False,normal
LOT_05-C017,LOT_05,FPGA-K3,iddq_current_uA,11.003,12.3036,10.7054,11.6619,80.0,False,normal
LOT_05-C018,LOT_05,FPGA-K3,iddq_current_uA,11.3136,10.9992,12.1884,18.3673,80.0,True,latent_drifter
LOT_05-C019,LOT_05,FPGA-K3,iddq_current_uA,11.5481,11.6399,11.9396,12.631,80.0,False,normal
LOT_05-C020,LOT_05,FPGA-K3,iddq_current_uA,9.2472,10.2751,11.1377,10.1038,80.0,False,normal
LOT_05-C021,LOT_05,FPGA-K3,iddq_current_uA,7.5005,7.6943,7.9001,8.2805,80.0,False,normal
LOT_05-C022,LOT_05,FPGA-K3,iddq_current_uA,10.6616,10.5713,11.811,10.358,80.0,False,normal
LOT_05-C023,LOT_05,FPGA-K3,iddq_current_uA,12.0984,13.6495,11.9188,14.4623,80.0,False,normal
LOT_05-C024,LOT_05,FPGA-K3,iddq_current_uA,33.0838,33.991,37.1837,37.8961,80.0,True,lot_relative_outlier
LOT_05-C025,LOT_05,FPGA-K3,iddq_current_uA,60.4889,57.3593,61.7278,49.8341,80.0,True,lot_relative_outlier
LOT_05-C026,LOT_05,FPGA-K3,iddq_current_uA,11.2754,10.7961,11.3046,13.1614,80.0,False,normal
LOT_05-C027,LOT_05,FPGA-K3,iddq_current_uA,11.2151,11.5041,11.5775,12.069,80.0,False,normal
LOT_05-C028,LOT_05,FPGA-K3,iddq_current_uA,13.6569,13.9992,12.5742,13.822,80.0,False,normal
LOT_05-C029,LOT_05,FPGA-K3,iddq_current_uA,38.6193,37.8643,40.475,38.8399,80.0,True,lot_relative_outlier
LOT_06-C001,LOT_06,ASIC-R7,propagation_delay_ns,3.6946,3.4451,3.3141,3.6963,12.0,False,normal
LOT_06-C002,LOT_06,ASIC-R7,propagation_delay_ns,3.9125,4.0218,3.9854,4.0698,12.0,False,normal
LOT_06-C003,LOT_06,ASIC-R7,propagation_delay_ns,3.3483,3.3358,3.6255,3.7913,12.0,False,normal
LOT_06-C004,LOT_06,ASIC-R7,propagation_delay_ns,4.1789,4.2964,4.4459,4.3679,12.0,False,normal
LOT_06-C005,LOT_06,ASIC-R7,propagation_delay_ns,3.7979,4.1839,6.495,11.8328,12.0,True,latent_drifter
LOT_06-C006,LOT_06,ASIC-R7,propagation_delay_ns,4.0682,4.0116,3.7419,4.3306,12.0,False,normal
LOT_06-C007,LOT_06,ASIC-R7,propagation_delay_ns,3.4368,3.4595,3.7133,3.7101,12.0,False,normal
LOT_06-C008,LOT_06,ASIC-R7,propagation_delay_ns,3.7298,3.7349,3.7809,3.8482,12.0,False,normal
LOT_06-C009,LOT_06,ASIC-R7,propagation_delay_ns,2.8718,3.2477,3.2969,3.5288,12.0,False,normal
LOT_06-C010,LOT_06,ASIC-R7,propagation_delay_ns,3.9485,4.161,3.9921,4.1379,12.0,False,normal
LOT_06-C011,LOT_06,ASIC-R7,propagation_delay_ns,3.7446,4.2105,6.6374,13.7982,12.0,True,latent_drifter
LOT_06-C012,LOT_06,ASIC-R7,propagation_delay_ns,3.465,3.666,3.4228,3.699,12.0,False,normal
LOT_06-C013,LOT_06,ASIC-R7,propagation_delay_ns,12.2122,10.191,11.9526,11.4066,12.0,True,lot_relative_outlier
LOT_06-C014,LOT_06,ASIC-R7,propagation_delay_ns,3.9408,3.8348,4.1756,3.8313,12.0,False,normal
LOT_06-C015,LOT_06,ASIC-R7,propagation_delay_ns,4.0238,3.8273,4.1608,4.3883,12.0,False,normal
LOT_06-C016,LOT_06,ASIC-R7,propagation_delay_ns,3.5245,3.7079,3.5028,3.6848,12.0,False,normal
LOT_06-C017,LOT_06,ASIC-R7,propagation_delay_ns,4.3438,3.709,4.1349,3.9424,12.0,False,normal
LOT_06-C018,LOT_06,ASIC-R7,propagation_delay_ns,3.7255,3.7531,3.7109,3.5752,12.0,False,normal
LOT_06-C019,LOT_06,ASIC-R7,propagation_delay_ns,3.3182,3.2711,3.3937,3.5486,12.0,False,normal
LOT_06-C020,LOT_06,ASIC-R7,propagation_delay_ns,4.03,4.1214,3.9838,4.1482,12.0,False,normal
LOT_06-C021,LOT_06,ASIC-R7,propagation_delay_ns,4.1882,4.1993,4.2259,3.9323,12.0,False,normal
LOT_06-C022,LOT_06,ASIC-R7,propagation_delay_ns,3.7716,4.2054,4.1777,4.3732,12.0,False,normal
LOT_06-C023,LOT_06,ASIC-R7,propagation_delay_ns,3.6395,3.7157,3.751,3.9895,12.0,False,normal
LOT_06-C024,LOT_06,ASIC-R7,propagation_delay_ns,10.7275,10.5097,10.1628,10.484,12.0,True,lot_relative_outlier
LOT_06-C025,LOT_06,ASIC-R7,propagation_delay_ns,4.0339,3.7035,3.724,3.4177,12.0,False,normal
LOT_06-C026,LOT_06,ASIC-R7,propagation_delay_ns,3.4067,3.7856,3.5515,3.8544,12.0,False,normal
LOT_06-C027,LOT_06,ASIC-R7,propagation_delay_ns,3.7507,3.7862,4.1699,3.4426,12.0,False,normal
LOT_06-C028,LOT_06,ASIC-R7,propagation_delay_ns,10.2836,10.2338,9.9722,10.8646,12.0,True,lot_relative_outlier
LOT_06-C029,LOT_06,ASIC-R7,propagation_delay_ns,4.2033,4.0776,3.9463,4.2407,12.0,False,normal
LOT_06-C030,LOT_06,ASIC-R7,propagation_delay_ns,4.058,3.3344,3.5876,3.6897,12.0,False,normal
LOT_06-C031,LOT_06,ASIC-R7,propagation_delay_ns,3.3849,3.4895,3.5395,4.1851,12.0,False,normal
LOT_06-C032,LOT_06,ASIC-R7,propagation_delay_ns,4.1274,3.9675,3.823,4.2181,12.0,False,normal
LOT_06-C033,LOT_06,ASIC-R7,propagation_delay_ns,3.2215,3.3845,3.5959,3.6865,12.0,False,normal
LOT_06-C034,LOT_06,ASIC-R7,propagation_delay_ns,9.7156,10.4887,10.3007,9.7265,12.0,True,lot_relative_outlier
LOT_06-C035,LOT_06,ASIC-R7,propagation_delay_ns,3.7852,3.6624,4.0219,3.9738,12.0,False,normal
LOT_06-C036,LOT_06,ASIC-R7,propagation_delay_ns,4.0441,4.055,3.4817,3.5533,12.0,False,normal
LOT_06-C037,LOT_06,ASIC-R7,propagation_delay_ns,4.0773,4.0701,5.4229,8.6896,12.0,True,latent_drifter
LOT_07-C001,LOT_07,MOSFET-D9,leakage_current_uA,7.8426,7.3481,7.7972,8.1236,50.0,False,normal
LOT_07-C002,LOT_07,MOSFET-D9,leakage_current_uA,9.7924,8.5636,10.0823,8.9103,50.0,False,normal
LOT_07-C003,LOT_07,MOSFET-D9,leakage_current_uA,9.0719,8.3281,9.3622,8.6818,50.0,False,normal
LOT_07-C004,LOT_07,MOSFET-D9,leakage_current_uA,8.8214,9.4693,9.0003,9.16,50.0,False,normal
LOT_07-C005,LOT_07,MOSFET-D9,leakage_current_uA,10.1284,8.9326,9.8384,9.4196,50.0,False,normal
LOT_07-C006,LOT_07,MOSFET-D9,leakage_current_uA,9.1541,9.1534,8.8569,9.8068,50.0,False,normal
LOT_07-C007,LOT_07,MOSFET-D9,leakage_current_uA,9.0964,9.5805,11.0901,18.5386,50.0,True,latent_drifter
LOT_07-C008,LOT_07,MOSFET-D9,leakage_current_uA,8.6922,8.4328,9.2786,7.63,50.0,False,normal
LOT_07-C009,LOT_07,MOSFET-D9,leakage_current_uA,7.851,7.9674,7.299,7.9996,50.0,False,normal
LOT_07-C010,LOT_07,MOSFET-D9,leakage_current_uA,9.8649,9.5454,9.6835,8.7512,50.0,False,normal
LOT_07-C011,LOT_07,MOSFET-D9,leakage_current_uA,8.0778,8.6171,8.4954,8.7477,50.0,False,normal
LOT_07-C012,LOT_07,MOSFET-D9,leakage_current_uA,7.4746,9.175,9.3321,8.8719,50.0,False,normal
LOT_07-C013,LOT_07,MOSFET-D9,leakage_current_uA,8.1589,6.3567,7.561,7.2624,50.0,False,normal
LOT_07-C014,LOT_07,MOSFET-D9,leakage_current_uA,9.4083,9.5469,10.4107,9.4054,50.0,False,normal
LOT_07-C015,LOT_07,MOSFET-D9,leakage_current_uA,9.6197,8.5981,8.7952,9.1815,50.0,False,normal
LOT_07-C016,LOT_07,MOSFET-D9,leakage_current_uA,8.5076,8.1935,7.3148,8.0589,50.0,False,normal
LOT_07-C017,LOT_07,MOSFET-D9,leakage_current_uA,8.565,9.6644,9.4099,9.569,50.0,False,normal
LOT_07-C018,LOT_07,MOSFET-D9,leakage_current_uA,30.7362,26.2307,25.6854,28.0849,50.0,True,lot_relative_outlier
LOT_07-C019,LOT_07,MOSFET-D9,leakage_current_uA,8.4508,10.2961,9.3239,8.8401,50.0,False,normal
LOT_07-C020,LOT_07,MOSFET-D9,leakage_current_uA,9.0993,9.6041,8.712,9.8005,50.0,False,normal
LOT_07-C021,LOT_07,MOSFET-D9,leakage_current_uA,9.5022,9.4442,9.5562,9.7041,50.0,False,normal
LOT_07-C022,LOT_07,MOSFET-D9,leakage_current_uA,7.7181,9.073,8.4683,8.9014,50.0,False,normal
LOT_07-C023,LOT_07,MOSFET-D9,leakage_current_uA,8.8683,8.7411,7.5512,8.7623,50.0,False,normal
LOT_07-C024,LOT_07,MOSFET-D9,leakage_current_uA,8.9793,9.2417,9.5053,9.4524,50.0,False,normal
LOT_07-C025,LOT_07,MOSFET-D9,leakage_current_uA,9.5949,7.4434,8.9729,9.2124,50.0,False,normal
LOT_07-C026,LOT_07,MOSFET-D9,leakage_current_uA,8.5449,7.4539,8.2096,7.6744,50.0,False,normal
LOT_07-C027,LOT_07,MOSFET-D9,leakage_current_uA,8.1959,8.7426,7.645,9.6911,50.0,False,normal
LOT_07-C028,LOT_07,MOSFET-D9,leakage_current_uA,9.4019,8.3499,9.8759,9.1406,50.0,False,normal
LOT_07-C029,LOT_07,MOSFET-D9,leakage_current_uA,8.3949,9.0741,8.8846,9.1332,50.0,False,normal
LOT_07-C030,LOT_07,MOSFET-D9,leakage_current_uA,8.1124,9.9232,16.0227,27.7084,50.0,True,latent_drifter
LOT_08-C001,LOT_08,FPGA-K3,iddq_current_uA,24.0811,27.5614,26.5523,23.7843,80.0,False,normal
LOT_08-C002,LOT_08,FPGA-K3,iddq_current_uA,20.5098,19.6864,19.3698,22.0645,80.0,False,normal
LOT_08-C003,LOT_08,FPGA-K3,iddq_current_uA,20.83,23.4089,21.6669,22.915,80.0,False,normal
LOT_08-C004,LOT_08,FPGA-K3,iddq_current_uA,20.1866,20.973,19.8462,18.1675,80.0,False,normal
LOT_08-C005,LOT_08,FPGA-K3,iddq_current_uA,16.096,18.551,19.9926,18.6386,80.0,False,normal
LOT_08-C006,LOT_08,FPGA-K3,iddq_current_uA,16.4957,19.2391,15.3132,16.8538,80.0,False,normal
LOT_08-C007,LOT_08,FPGA-K3,iddq_current_uA,25.0518,24.3579,24.9144,25.8756,80.0,False,normal
LOT_08-C008,LOT_08,FPGA-K3,iddq_current_uA,17.5342,19.9024,19.8705,18.9407,80.0,False,normal
LOT_08-C009,LOT_08,FPGA-K3,iddq_current_uA,19.304,20.4312,19.5527,21.915,80.0,False,normal
LOT_08-C010,LOT_08,FPGA-K3,iddq_current_uA,18.478,21.4312,28.2486,50.6752,80.0,True,latent_drifter
LOT_08-C011,LOT_08,FPGA-K3,iddq_current_uA,21.7786,24.9576,22.2547,22.3104,80.0,False,normal
LOT_08-C012,LOT_08,FPGA-K3,iddq_current_uA,23.0971,22.5506,38.4423,56.2677,80.0,True,latent_drifter
LOT_08-C013,LOT_08,FPGA-K3,iddq_current_uA,13.9662,17.1137,17.4763,17.4854,80.0,False,normal
LOT_08-C014,LOT_08,FPGA-K3,iddq_current_uA,22.6557,19.5339,24.0721,24.0856,80.0,False,normal
LOT_08-C015,LOT_08,FPGA-K3,iddq_current_uA,19.7382,24.6068,20.356,23.2272,80.0,False,normal
LOT_08-C016,LOT_08,FPGA-K3,iddq_current_uA,19.6422,17.5372,19.2507,18.8069,80.0,False,normal
LOT_08-C017,LOT_08,FPGA-K3,iddq_current_uA,20.3727,18.2081,19.8725,22.1341,80.0,False,normal
LOT_08-C018,LOT_08,FPGA-K3,iddq_current_uA,20.5537,20.8143,21.278,19.8589,80.0,False,normal
LOT_08-C019,LOT_08,FPGA-K3,iddq_current_uA,20.8032,20.8994,19.7015,19.4806,80.0,False,normal
LOT_08-C020,LOT_08,FPGA-K3,iddq_current_uA,19.5389,19.9889,37.5961,70.5926,80.0,True,latent_drifter
LOT_08-C021,LOT_08,FPGA-K3,iddq_current_uA,17.6685,18.4181,18.1016,16.3913,80.0,False,normal
LOT_08-C022,LOT_08,FPGA-K3,iddq_current_uA,19.8878,15.6956,19.0936,20.2684,80.0,False,normal
LOT_08-C023,LOT_08,FPGA-K3,iddq_current_uA,71.4343,63.9735,60.6325,77.7224,80.0,True,lot_relative_outlier
LOT_08-C024,LOT_08,FPGA-K3,iddq_current_uA,17.2197,17.2427,19.0771,18.4979,80.0,False,normal
LOT_08-C025,LOT_08,FPGA-K3,iddq_current_uA,22.1043,22.0497,24.3115,20.448,80.0,False,normal
LOT_08-C026,LOT_08,FPGA-K3,iddq_current_uA,22.6514,18.7696,20.4903,23.054,80.0,False,normal
LOT_08-C027,LOT_08,FPGA-K3,iddq_current_uA,21.5289,21.3815,22.751,22.2306,80.0,False,normal
LOT_08-C028,LOT_08,FPGA-K3,iddq_current_uA,19.8437,21.6484,25.2677,18.4771,80.0,False,normal
LOT_08-C029,LOT_08,FPGA-K3,iddq_current_uA,22.3876,21.6175,22.7895,23.5116,80.0,False,normal
LOT_08-C030,LOT_08,FPGA-K3,iddq_current_uA,17.7811,23.765,22.2918,23.7231,80.0,False,normal
LOT_08-C031,LOT_08,FPGA-K3,iddq_current_uA,18.8217,18.6867,19.3175,20.631,80.0,False,normal
LOT_08-C032,LOT_08,FPGA-K3,iddq_current_uA,17.6219,17.4181,16.0078,18.6553,80.0,False,normal
LOT_09-C001,LOT_09,OPAMP-L2,propagation_delay_ns,2.5936,2.6497,2.6071,2.4661,12.0,False,normal
LOT_09-C002,LOT_09,OPAMP-L2,propagation_delay_ns,2.6458,2.7187,2.5837,2.6842,12.0,False,normal
LOT_09-C003,LOT_09,OPAMP-L2,propagation_delay_ns,2.4257,2.5953,2.4733,2.6004,12.0,False,normal
LOT_09-C004,LOT_09,OPAMP-L2,propagation_delay_ns,2.4994,2.3797,2.4455,2.6001,12.0,False,normal
LOT_09-C005,LOT_09,OPAMP-L2,propagation_delay_ns,2.3384,2.6885,2.2189,2.482,12.0,False,normal
LOT_09-C006,LOT_09,OPAMP-L2,propagation_delay_ns,2.4302,2.1424,2.4868,2.728,12.0,False,normal
LOT_09-C007,LOT_09,OPAMP-L2,propagation_delay_ns,2.6482,2.5091,2.4877,2.2992,12.0,False,normal
LOT_09-C008,LOT_09,OPAMP-L2,propagation_delay_ns,2.5546,2.713,2.632,2.6542,12.0,False,normal
LOT_09-C009,LOT_09,OPAMP-L2,propagation_delay_ns,2.8261,2.5033,2.6195,2.9893,12.0,False,normal
LOT_09-C010,LOT_09,OPAMP-L2,propagation_delay_ns,2.6371,2.6989,2.7978,2.8081,12.0,False,normal
LOT_09-C011,LOT_09,OPAMP-L2,propagation_delay_ns,9.1157,9.6118,10.4513,9.4294,12.0,True,lot_relative_outlier
LOT_09-C012,LOT_09,OPAMP-L2,propagation_delay_ns,2.5747,2.5234,2.8049,2.7177,12.0,False,normal
LOT_09-C013,LOT_09,OPAMP-L2,propagation_delay_ns,2.292,2.3259,2.4653,2.3988,12.0,False,normal
LOT_09-C014,LOT_09,OPAMP-L2,propagation_delay_ns,2.6459,2.6527,2.701,2.9713,12.0,False,normal
LOT_09-C015,LOT_09,OPAMP-L2,propagation_delay_ns,2.9938,2.5611,2.7436,2.605,12.0,False,normal
LOT_09-C016,LOT_09,OPAMP-L2,propagation_delay_ns,2.3377,2.3488,2.4942,2.3907,12.0,False,normal
LOT_09-C017,LOT_09,OPAMP-L2,propagation_delay_ns,2.6063,2.7446,4.7128,7.8315,12.0,True,latent_drifter
LOT_09-C018,LOT_09,OPAMP-L2,propagation_delay_ns,2.9005,2.6767,2.9364,2.7767,12.0,False,normal
LOT_09-C019,LOT_09,OPAMP-L2,propagation_delay_ns,2.8333,2.4801,2.6977,2.9483,12.0,False,normal
LOT_09-C020,LOT_09,OPAMP-L2,propagation_delay_ns,2.5593,2.839,2.9898,2.654,12.0,False,normal
LOT_09-C021,LOT_09,OPAMP-L2,propagation_delay_ns,2.5501,2.3569,2.5802,2.605,12.0,False,normal
LOT_09-C022,LOT_09,OPAMP-L2,propagation_delay_ns,2.5794,2.5239,3.3141,5.5383,12.0,True,latent_drifter
LOT_09-C023,LOT_09,OPAMP-L2,propagation_delay_ns,2.2886,2.306,2.4519,2.1454,12.0,False,normal
LOT_09-C024,LOT_09,OPAMP-L2,propagation_delay_ns,2.2796,2.3057,2.2507,2.3986,12.0,False,normal
LOT_09-C025,LOT_09,OPAMP-L2,propagation_delay_ns,2.701,2.4574,2.8843,2.9796,12.0,False,normal
LOT_09-C026,LOT_09,OPAMP-L2,propagation_delay_ns,2.7821,2.8218,2.9615,2.6672,12.0,False,normal
LOT_09-C027,LOT_09,OPAMP-L2,propagation_delay_ns,2.562,2.4241,2.6602,2.7212,12.0,False,normal
LOT_09-C028,LOT_09,OPAMP-L2,propagation_delay_ns,2.5704,2.8084,2.5291,2.6029,12.0,False,normal
LOT_09-C029,LOT_09,OPAMP-L2,propagation_delay_ns,2.3979,2.4273,2.3475,2.6345,12.0,False,normal
LOT_09-C030,LOT_09,OPAMP-L2,propagation_delay_ns,2.4945,2.3403,2.4553,2.4002,12.0,False,normal
LOT_09-C031,LOT_09,OPAMP-L2,propagation_delay_ns,2.6025,2.6769,2.8531,2.7769,12.0,False,normal
LOT_09-C032,LOT_09,OPAMP-L2,propagation_delay_ns,2.2424,2.5469,2.5256,2.4615,12.0,False,normal
LOT_09-C033,LOT_09,OPAMP-L2,propagation_delay_ns,2.7036,2.5717,2.6675,2.7682,12.0,False,normal
LOT_09-C034,LOT_09,OPAMP-L2,propagation_delay_ns,9.6304,9.2862,10.7452,11.4642,12.0,True,lot_relative_outlier
LOT_09-C035,LOT_09,OPAMP-L2,propagation_delay_ns,2.916,3.021,2.7748,2.8734,12.0,False,normal
LOT_09-C036,LOT_09,OPAMP-L2,propagation_delay_ns,2.1541,2.3076,2.1335,2.407,12.0,False,normal
LOT_09-C037,LOT_09,OPAMP-L2,propagation_delay_ns,2.5947,2.4631,2.7522,2.7362,12.0,False,normal
LOT_09-C038,LOT_09,OPAMP-L2,propagation_delay_ns,2.294,2.2276,2.3108,2.5276,12.0,False,normal
LOT_09-C039,LOT_09,OPAMP-L2,propagation_delay_ns,2.768,2.5323,2.7031,2.729,12.0,False,normal
LOT_09-C040,LOT_09,OPAMP-L2,propagation_delay_ns,2.4183,2.595,2.6433,2.2329,12.0,False,normal
LOT_10-C001,LOT_10,ASIC-R7,leakage_current_uA,18.4226,20.1602,18.8415,17.9346,50.0,True,lot_relative_outlier
LOT_10-C002,LOT_10,ASIC-R7,leakage_current_uA,5.3336,5.2896,5.3281,6.3274,50.0,False,normal
LOT_10-C003,LOT_10,ASIC-R7,leakage_current_uA,5.1874,5.5928,5.9417,5.5473,50.0,False,normal
LOT_10-C004,LOT_10,ASIC-R7,leakage_current_uA,6.1299,6.0525,6.4441,6.2398,50.0,False,normal
LOT_10-C005,LOT_10,ASIC-R7,leakage_current_uA,5.3922,5.8161,5.7656,5.6866,50.0,False,normal
LOT_10-C006,LOT_10,ASIC-R7,leakage_current_uA,5.4813,5.4751,5.6663,6.2627,50.0,False,normal
LOT_10-C007,LOT_10,ASIC-R7,leakage_current_uA,4.5204,5.1885,5.6782,5.4082,50.0,False,normal
LOT_10-C008,LOT_10,ASIC-R7,leakage_current_uA,5.875,5.8048,5.7013,5.9673,50.0,False,normal
LOT_10-C009,LOT_10,ASIC-R7,leakage_current_uA,5.5937,5.4138,6.0846,6.1917,50.0,False,normal
LOT_10-C010,LOT_10,ASIC-R7,leakage_current_uA,5.926,6.0582,6.1005,6.0302,50.0,False,normal
LOT_10-C011,LOT_10,ASIC-R7,leakage_current_uA,5.3598,5.3204,5.7863,5.8238,50.0,False,normal
LOT_10-C012,LOT_10,ASIC-R7,leakage_current_uA,29.4795,33.8816,32.9406,29.4535,50.0,True,lot_relative_outlier
LOT_10-C013,LOT_10,ASIC-R7,leakage_current_uA,6.6726,7.3392,6.8344,6.8278,50.0,False,normal
LOT_10-C014,LOT_10,ASIC-R7,leakage_current_uA,5.5994,5.4661,5.2528,5.6103,50.0,False,normal
LOT_10-C015,LOT_10,ASIC-R7,leakage_current_uA,4.6133,5.7715,8.3927,15.695,50.0,True,latent_drifter
LOT_10-C016,LOT_10,ASIC-R7,leakage_current_uA,5.3965,5.5806,5.8336,5.4743,50.0,False,normal
LOT_10-C017,LOT_10,ASIC-R7,leakage_current_uA,6.3929,6.659,6.6466,7.2218,50.0,False,normal
LOT_10-C018,LOT_10,ASIC-R7,leakage_current_uA,5.0699,5.6216,5.6178,5.536,50.0,False,normal
LOT_10-C019,LOT_10,ASIC-R7,leakage_current_uA,4.8269,5.5797,6.1367,5.3759,50.0,False,normal
LOT_10-C020,LOT_10,ASIC-R7,leakage_current_uA,5.4131,5.8864,5.8038,5.7666,50.0,False,normal
LOT_10-C021,LOT_10,ASIC-R7,leakage_current_uA,6.8005,6.5387,6.6322,7.1314,50.0,False,normal
LOT_10-C022,LOT_10,ASIC-R7,leakage_current_uA,5.6936,5.675,5.3943,5.2786,50.0,False,normal
LOT_10-C023,LOT_10,ASIC-R7,leakage_current_uA,5.4511,5.2168,5.6643,5.7174,50.0,False,normal
LOT_10-C024,LOT_10,ASIC-R7,leakage_current_uA,4.8016,4.8093,4.4111,4.8235,50.0,False,normal
LOT_10-C025,LOT_10,ASIC-R7,leakage_current_uA,6.2589,6.1528,6.1943,6.7279,50.0,False,normal
LOT_10-C026,LOT_10,ASIC-R7,leakage_current_uA,5.9229,6.1975,6.0339,6.3793,50.0,False,normal
LOT_10-C027,LOT_10,ASIC-R7,leakage_current_uA,5.5436,6.8326,6.457,5.7996,50.0,False,normal
LOT_10-C028,LOT_10,ASIC-R7,leakage_current_uA,5.3257,5.2574,5.904,5.1247,50.0,False,normal
LOT_10-C029,LOT_10,ASIC-R7,leakage_current_uA,5.4999,5.548,5.725,5.5341,50.0,False,normal
LOT_10-C030,LOT_10,ASIC-R7,leakage_current_uA,6.048,6.0838,6.1822,6.4476,50.0,False,normal
LOT_10-C031,LOT_10,ASIC-R7,leakage_current_uA,5.7644,6.1051,6.1358,6.2837,50.0,False,normal
LOT_10-C032,LOT_10,ASIC-R7,leakage_current_uA,7.0686,7.3646,7.0431,8.0764,50.0,False,normal
LOT_11-C001,LOT_11,ASIC-R7,iddq_current_uA,13.6142,14.3611,13.9918,14.2106,80.0,False,normal
LOT_11-C002,LOT_11,ASIC-R7,iddq_current_uA,15.1093,16.3041,16.5372,16.338,80.0,False,normal
LOT_11-C003,LOT_11,ASIC-R7,iddq_current_uA,11.742,13.1781,13.0462,13.5642,80.0,False,normal
LOT_11-C004,LOT_11,ASIC-R7,iddq_current_uA,15.3735,18.1552,16.1342,13.8612,80.0,False,normal
LOT_11-C005,LOT_11,ASIC-R7,iddq_current_uA,12.9908,12.9261,12.7902,15.2981,80.0,False,normal
LOT_11-C006,LOT_11,ASIC-R7,iddq_current_uA,14.8291,14.7922,16.0708,16.3501,80.0,False,normal
LOT_11-C007,LOT_11,ASIC-R7,iddq_current_uA,10.6558,11.3188,18.3701,33.7243,80.0,True,latent_drifter
LOT_11-C008,LOT_11,ASIC-R7,iddq_current_uA,15.6379,15.5472,16.8403,17.3299,80.0,False,normal
LOT_11-C009,LOT_11,ASIC-R7,iddq_current_uA,14.995,15.3712,16.0669,13.6017,80.0,False,normal
LOT_11-C010,LOT_11,ASIC-R7,iddq_current_uA,14.7648,14.2594,13.577,15.4668,80.0,False,normal
LOT_11-C011,LOT_11,ASIC-R7,iddq_current_uA,12.6653,12.4381,13.8935,14.0098,80.0,False,normal
LOT_11-C012,LOT_11,ASIC-R7,iddq_current_uA,16.2284,16.5476,15.0323,15.0257,80.0,False,normal
LOT_11-C013,LOT_11,ASIC-R7,iddq_current_uA,16.4877,17.7775,17.8294,16.9182,80.0,False,normal
LOT_11-C014,LOT_11,ASIC-R7,iddq_current_uA,13.468,12.9564,15.5721,15.3714,80.0,False,normal
LOT_11-C015,LOT_11,ASIC-R7,iddq_current_uA,12.9725,13.6975,15.0807,13.1101,80.0,False,normal
LOT_11-C016,LOT_11,ASIC-R7,iddq_current_uA,12.2361,15.8008,13.6549,15.3892,80.0,False,normal
LOT_11-C017,LOT_11,ASIC-R7,iddq_current_uA,15.8903,12.806,14.6952,15.8885,80.0,False,normal
LOT_11-C018,LOT_11,ASIC-R7,iddq_current_uA,15.278,15.1383,14.4257,12.8619,80.0,False,normal
LOT_11-C019,LOT_11,ASIC-R7,iddq_current_uA,12.925,14.6313,14.9636,14.2514,80.0,False,normal
LOT_11-C020,LOT_11,ASIC-R7,iddq_current_uA,10.3441,8.8074,7.9379,10.0809,80.0,False,normal
LOT_11-C021,LOT_11,ASIC-R7,iddq_current_uA,15.1541,15.4223,15.5588,16.1558,80.0,False,normal
LOT_11-C022,LOT_11,ASIC-R7,iddq_current_uA,16.9698,19.7543,20.9286,21.2553,80.0,False,normal
LOT_11-C023,LOT_11,ASIC-R7,iddq_current_uA,14.9591,16.6538,13.5582,13.9912,80.0,False,normal
LOT_11-C024,LOT_11,ASIC-R7,iddq_current_uA,13.382,11.5282,13.9183,14.7908,80.0,False,normal
LOT_11-C025,LOT_11,ASIC-R7,iddq_current_uA,13.9359,15.2349,14.3788,15.0939,80.0,False,normal
LOT_11-C026,LOT_11,ASIC-R7,iddq_current_uA,15.421,15.9498,15.9748,15.4188,80.0,False,normal
LOT_11-C027,LOT_11,ASIC-R7,iddq_current_uA,15.2997,16.1003,17.1688,17.1885,80.0,False,normal
LOT_11-C028,LOT_11,ASIC-R7,iddq_current_uA,15.4004,12.5907,16.5857,15.3499,80.0,False,normal
LOT_11-C029,LOT_11,ASIC-R7,iddq_current_uA,71.3538,70.0934,68.3741,71.7853,80.0,True,lot_relative_outlier
LOT_11-C030,LOT_11,ASIC-R7,iddq_current_uA,21.4615,21.2037,22.1881,19.9221,80.0,False,normal
LOT_11-C031,LOT_11,ASIC-R7,iddq_current_uA,11.6419,10.281,10.9345,10.5744,80.0,False,normal
LOT_11-C032,LOT_11,ASIC-R7,iddq_current_uA,18.4415,18.4756,17.8631,18.3648,80.0,False,normal
LOT_11-C033,LOT_11,ASIC-R7,iddq_current_uA,12.7675,12.9521,13.8351,14.2588,80.0,False,normal
LOT_11-C034,LOT_11,ASIC-R7,iddq_current_uA,17.3256,18.4688,21.4036,20.4107,80.0,False,normal
LOT_11-C035,LOT_11,ASIC-R7,iddq_current_uA,15.3664,16.4918,20.579,37.2802,80.0,True,latent_drifter
LOT_11-C036,LOT_11,ASIC-R7,iddq_current_uA,14.6815,13.55,14.4895,14.5567,80.0,False,normal
LOT_12-C001,LOT_12,ASIC-R7,propagation_delay_ns,3.5551,3.5071,4.0257,3.468,12.0,False,normal
LOT_12-C002,LOT_12,ASIC-R7,propagation_delay_ns,3.3941,3.0759,3.1417,3.395,12.0,False,normal
LOT_12-C003,LOT_12,ASIC-R7,propagation_delay_ns,2.7526,3.0222,2.782,2.8976,12.0,False,normal
LOT_12-C004,LOT_12,ASIC-R7,propagation_delay_ns,4.1786,4.3119,4.7509,4.0585,12.0,False,normal
LOT_12-C005,LOT_12,ASIC-R7,propagation_delay_ns,4.2781,4.2262,4.1354,4.192,12.0,False,normal
LOT_12-C006,LOT_12,ASIC-R7,propagation_delay_ns,3.9029,3.9478,4.0639,3.7753,12.0,False,normal
LOT_12-C007,LOT_12,ASIC-R7,propagation_delay_ns,4.6684,4.0738,4.1189,4.4436,12.0,False,normal
LOT_12-C008,LOT_12,ASIC-R7,propagation_delay_ns,4.0813,4.2888,4.0334,4.1521,12.0,False,normal
LOT_12-C009,LOT_12,ASIC-R7,propagation_delay_ns,3.5821,3.9233,5.9835,10.2744,12.0,True,latent_drifter
LOT_12-C010,LOT_12,ASIC-R7,propagation_delay_ns,3.1614,3.2286,3.5599,3.4887,12.0,False,normal
LOT_12-C011,LOT_12,ASIC-R7,propagation_delay_ns,3.7321,3.8989,4.0138,3.7838,12.0,False,normal
LOT_12-C012,LOT_12,ASIC-R7,propagation_delay_ns,3.8641,3.9859,3.8331,4.2929,12.0,False,normal
LOT_12-C013,LOT_12,ASIC-R7,propagation_delay_ns,3.4169,3.4227,3.4708,3.5606,12.0,False,normal
LOT_12-C014,LOT_12,ASIC-R7,propagation_delay_ns,4.1774,4.3605,4.0769,4.4239,12.0,False,normal
LOT_12-C015,LOT_12,ASIC-R7,propagation_delay_ns,3.8592,3.467,3.1412,3.4699,12.0,False,normal
LOT_12-C016,LOT_12,ASIC-R7,propagation_delay_ns,4.3996,4.5707,4.4743,4.6527,12.0,False,normal
LOT_12-C017,LOT_12,ASIC-R7,propagation_delay_ns,4.2846,4.4207,4.2238,4.2192,12.0,False,normal
LOT_12-C018,LOT_12,ASIC-R7,propagation_delay_ns,4.736,4.6009,4.4961,4.6938,12.0,False,normal
LOT_12-C019,LOT_12,ASIC-R7,propagation_delay_ns,4.0551,4.4036,4.9035,4.5044,12.0,False,normal
LOT_12-C020,LOT_12,ASIC-R7,propagation_delay_ns,3.1248,3.0158,2.9842,3.2202,12.0,False,normal
LOT_12-C021,LOT_12,ASIC-R7,propagation_delay_ns,3.6679,3.627,3.6455,3.6232,12.0,False,normal
LOT_12-C022,LOT_12,ASIC-R7,propagation_delay_ns,3.9184,4.4197,4.497,4.5373,12.0,False,normal
LOT_12-C023,LOT_12,ASIC-R7,propagation_delay_ns,4.1426,3.9941,3.9571,4.0445,12.0,False,normal
LOT_12-C024,LOT_12,ASIC-R7,propagation_delay_ns,4.4217,4.5477,6.698,13.743,12.0,True,latent_drifter
LOT_12-C025,LOT_12,ASIC-R7,propagation_delay_ns,3.7947,3.917,3.9691,3.7999,12.0,False,normal
LOT_12-C026,LOT_12,ASIC-R7,propagation_delay_ns,4.1498,4.0683,3.7323,4.0235,12.0,False,normal
LOT_12-C027,LOT_12,ASIC-R7,propagation_delay_ns,4.0934,4.4668,4.1745,4.3797,12.0,False,normal
LOT_12-C028,LOT_12,ASIC-R7,propagation_delay_ns,3.9617,3.7447,3.7628,4.256,12.0,False,normal
LOT_12-C029,LOT_12,ASIC-R7,propagation_delay_ns,4.6201,4.3971,4.5203,4.5761,12.0,False,normal
LOT_12-C030,LOT_12,ASIC-R7,propagation_delay_ns,4.5409,4.3308,4.4692,4.2196,12.0,False,normal
LOT_12-C031,LOT_12,ASIC-R7,propagation_delay_ns,9.4708,9.9353,11.2025,10.8915,12.0,True,lot_relative_outlier
LOT_12-C032,LOT_12,ASIC-R7,propagation_delay_ns,2.8914,3.1874,2.9794,3.0386,12.0,False,normal
LOT_12-C033,LOT_12,ASIC-R7,propagation_delay_ns,4.1078,4.2952,4.5653,4.1353,12.0,False,normal
LOT_12-C034,LOT_12,ASIC-R7,propagation_delay_ns,2.9867,3.0316,2.84,3.0614,12.0,False,normal
LOT_12-C035,LOT_12,ASIC-R7,propagation_delay_ns,3.6577,4.134,3.7251,3.7636,12.0,False,normal
LOT_12-C036,LOT_12,ASIC-R7,propagation_delay_ns,4.8122,5.071,7.1689,13.0009,12.0,True,latent_drifter
LOT_12-C037,LOT_12,ASIC-R7,propagation_delay_ns,3.8364,3.8702,4.16,4.2436,12.0,False,normal
LOT_12-C038,LOT_12,ASIC-R7,propagation_delay_ns,3.7857,3.5678,3.8184,3.7267,12.0,False,normal
LOT_13-C001,LOT_13,OPAMP-L2,leakage_current_uA,8.7508,9.1504,8.2544,8.8065,50.0,False,normal
LOT_13-C002,LOT_13,OPAMP-L2,leakage_current_uA,7.4528,8.8287,14.5291,25.5225,50.0,True,latent_drifter
LOT_13-C003,LOT_13,OPAMP-L2,leakage_current_uA,8.3711,9.314,8.3847,9.3723,50.0,False,normal
LOT_13-C004,LOT_13,OPAMP-L2,leakage_current_uA,8.6933,8.8744,9.5558,9.5109,50.0,False,normal
LOT_13-C005,LOT_13,OPAMP-L2,leakage_current_uA,9.7856,9.6299,9.9046,9.2989,50.0,False,normal
LOT_13-C006,LOT_13,OPAMP-L2,leakage_current_uA,9.5381,9.7557,9.2977,9.1576,50.0,False,normal
LOT_13-C007,LOT_13,OPAMP-L2,leakage_current_uA,8.8867,8.7207,8.9092,9.4778,50.0,False,normal
LOT_13-C008,LOT_13,OPAMP-L2,leakage_current_uA,8.2889,8.4181,8.5152,8.6126,50.0,False,normal
LOT_13-C009,LOT_13,OPAMP-L2,leakage_current_uA,27.9243,23.3376,26.7244,25.888,50.0,True,lot_relative_outlier
LOT_13-C010,LOT_13,OPAMP-L2,leakage_current_uA,8.0476,9.0798,7.6844,7.8607,50.0,False,normal
LOT_13-C011,LOT_13,OPAMP-L2,leakage_current_uA,7.2024,7.4354,7.381,7.2456,50.0,False,normal
LOT_13-C012,LOT_13,OPAMP-L2,leakage_current_uA,8.9233,7.8608,8.7605,8.1527,50.0,False,normal
LOT_13-C013,LOT_13,OPAMP-L2,leakage_current_uA,7.5298,7.5024,6.9174,7.1049,50.0,False,normal
LOT_13-C014,LOT_13,OPAMP-L2,leakage_current_uA,8.7869,8.1365,9.1114,9.6755,50.0,False,normal
LOT_13-C015,LOT_13,OPAMP-L2,leakage_current_uA,7.6378,7.8699,8.0581,7.4597,50.0,False,normal
LOT_13-C016,LOT_13,OPAMP-L2,leakage_current_uA,7.5456,6.9634,6.9955,6.5927,50.0,False,normal
LOT_13-C017,LOT_13,OPAMP-L2,leakage_current_uA,10.2291,10.38,10.252,9.8611,50.0,False,normal
LOT_13-C018,LOT_13,OPAMP-L2,leakage_current_uA,9.6015,8.5887,8.1406,8.6714,50.0,False,normal
LOT_13-C019,LOT_13,OPAMP-L2,leakage_current_uA,30.0228,31.0868,30.1124,29.8157,50.0,True,lot_relative_outlier
LOT_13-C020,LOT_13,OPAMP-L2,leakage_current_uA,31.3433,35.2045,32.4872,31.5072,50.0,True,lot_relative_outlier
LOT_13-C021,LOT_13,OPAMP-L2,leakage_current_uA,8.3423,8.314,7.9968,8.4831,50.0,False,normal
LOT_13-C022,LOT_13,OPAMP-L2,leakage_current_uA,8.3794,8.3606,7.5472,7.6799,50.0,False,normal
LOT_13-C023,LOT_13,OPAMP-L2,leakage_current_uA,7.525,8.6803,7.9307,8.4181,50.0,False,normal
LOT_13-C024,LOT_13,OPAMP-L2,leakage_current_uA,7.8746,8.1641,7.9723,7.5837,50.0,False,normal
LOT_13-C025,LOT_13,OPAMP-L2,leakage_current_uA,9.4793,8.2115,9.2868,9.5715,50.0,False,normal
LOT_13-C026,LOT_13,OPAMP-L2,leakage_current_uA,7.5647,8.4752,8.559,6.944,50.0,False,normal
LOT_13-C027,LOT_13,OPAMP-L2,leakage_current_uA,10.9617,10.9732,9.7973,10.7801,50.0,False,normal
LOT_13-C028,LOT_13,OPAMP-L2,leakage_current_uA,8.4498,8.9833,8.562,8.5779,50.0,False,normal
LOT_13-C029,LOT_13,OPAMP-L2,leakage_current_uA,9.6751,8.9117,8.7382,9.045,50.0,False,normal
LOT_13-C030,LOT_13,OPAMP-L2,leakage_current_uA,8.401,7.8972,8.7704,8.8544,50.0,False,normal
LOT_13-C031,LOT_13,OPAMP-L2,leakage_current_uA,9.4202,8.6146,8.8315,8.7029,50.0,False,normal
LOT_13-C032,LOT_13,OPAMP-L2,leakage_current_uA,8.021,7.394,9.2936,7.4279,50.0,False,normal
LOT_13-C033,LOT_13,OPAMP-L2,leakage_current_uA,28.3988,29.3945,25.6209,28.0091,50.0,True,lot_relative_outlier
LOT_13-C034,LOT_13,OPAMP-L2,leakage_current_uA,7.6382,6.5799,7.0496,7.4625,50.0,False,normal
LOT_13-C035,LOT_13,OPAMP-L2,leakage_current_uA,7.9155,8.2108,8.2071,8.4539,50.0,False,normal
LOT_13-C036,LOT_13,OPAMP-L2,leakage_current_uA,8.6747,8.5043,8.2794,8.3603,50.0,False,normal
LOT_14-C001,LOT_14,ASIC-R7,iddq_current_uA,15.6949,14.681,17.4689,15.6614,80.0,False,normal
LOT_14-C002,LOT_14,ASIC-R7,iddq_current_uA,15.2014,14.8938,15.248,12.6455,80.0,False,normal
LOT_14-C003,LOT_14,ASIC-R7,iddq_current_uA,16.0555,14.454,15.3257,15.4633,80.0,False,normal
LOT_14-C004,LOT_14,ASIC-R7,iddq_current_uA,16.1029,14.3584,15.6893,15.3737,80.0,False,normal
LOT_14-C005,LOT_14,ASIC-R7,iddq_current_uA,13.3804,14.9762,30.5177,53.2532,80.0,True,latent_drifter
LOT_14-C006,LOT_14,ASIC-R7,iddq_current_uA,15.8112,14.5749,14.3251,14.565,80.0,False,normal
LOT_14-C007,LOT_14,ASIC-R7,iddq_current_uA,15.7309,16.1286,16.8305,14.4749,80.0,False,normal
LOT_14-C008,LOT_14,ASIC-R7,iddq_current_uA,15.3257,12.9534,13.4735,14.8053,80.0,False,normal
LOT_14-C009,LOT_14,ASIC-R7,iddq_current_uA,15.7137,17.6653,14.2416,15.6873,80.0,False,normal
LOT_14-C010,LOT_14,ASIC-R7,iddq_current_uA,15.369,13.6413,16.9542,14.7611,80.0,False,normal
LOT_14-C011,LOT_14,ASIC-R7,iddq_current_uA,42.2964,42.4611,41.0947,43.4998,80.0,True,lot_relative_outlier
LOT_14-C012,LOT_14,ASIC-R7,iddq_current_uA,13.9044,14.576,15.5067,15.187,80.0,False,normal
LOT_14-C013,LOT_14,ASIC-R7,iddq_current_uA,18.703,16.7371,17.5587,15.9013,80.0,False,normal
LOT_14-C014,LOT_14,ASIC-R7,iddq_current_uA,16.3976,15.0173,16.3134,15.6291,80.0,False,normal
LOT_14-C015,LOT_14,ASIC-R7,iddq_current_uA,19.0961,15.889,15.818,15.5432,80.0,False,normal
LOT_14-C016,LOT_14,ASIC-R7,iddq_current_uA,18.3249,20.0152,19.0329,33.0755,80.0,True,latent_drifter
LOT_14-C017,LOT_14,ASIC-R7,iddq_current_uA,15.8417,14.5278,15.767,17.6802,80.0,False,normal
LOT_14-C018,LOT_14,ASIC-R7,iddq_current_uA,14.9546,15.9348,14.525,14.6674,80.0,False,normal
LOT_14-C019,LOT_14,ASIC-R7,iddq_current_uA,13.6407,14.6353,17.987,17.01,80.0,False,normal
LOT_14-C020,LOT_14,ASIC-R7,iddq_current_uA,14.5294,15.3105,13.2973,13.9554,80.0,False,normal
LOT_14-C021,LOT_14,ASIC-R7,iddq_current_uA,15.9274,14.0562,15.9657,16.978,80.0,False,normal
LOT_14-C022,LOT_14,ASIC-R7,iddq_current_uA,15.3754,14.6133,15.5644,17.1565,80.0,False,normal
LOT_14-C023,LOT_14,ASIC-R7,iddq_current_uA,14.0732,15.7439,25.7322,46.7363,80.0,True,latent_drifter
LOT_14-C024,LOT_14,ASIC-R7,iddq_current_uA,15.1422,15.2091,16.2521,15.9222,80.0,False,normal
LOT_14-C025,LOT_14,ASIC-R7,iddq_current_uA,13.7534,13.6009,14.0922,15.7496,80.0,False,normal
